날짜,시간,소요시간,이용차량 ,기온(°C),강수량(mm),풍속(m/s),지면온도(°C)
20210821,0,4:47,"39,662",24.8,0,1.3,24.5
20210821,1,4:48,"26,076",24.5,0,2,24
20210821,2,4:31,"19,980",24,0,2.1,23.3
20210821,3,0,"18,449",24.1,0,2.5,23.6
20210821,4,0,"26,091",24.1,0,2.3,23.7
20210821,5,0,"57,556",24.1,0,2,23.7
20210821,6,0,"100,194",24.4,0,2.1,23.6
20210821,7,0,"129,175",24.3,0,1.9,23.7
20210821,8,0,"150,108",24.2,0.3,2.2,24.2
20210821,9,4:25,"166,658",23.9,0.5,2.3,24
20210821,10,4:14,"186,822",23,5.1,3.6,23
20210821,11,4:43,"202,700",22.7,7,3.1,23.1
20210821,12,0,"207,964",22,12.5,4.5,22.1
20210821,13,5:01,"211,009",21.4,22.4,6.3,21.3
20210821,14,5:02,"212,538",23.4,12.8,2.4,33.5
20210821,15,5:04,"212,698",25,0,0.8,31.6
20210821,16,0,"210,543",25.5,0,2.2,28.7
20210821,17,5:05,"201,201",24.8,0,4.2,25.3
20210821,18,4:54,"164,939",23.9,0.8,3.1,24.6
20210821,19,4:53,"120,476",23.6,1.3,5.1,23.8
20210821,20,0,"97,308",23.2,0,2,23.5
20210821,21,4:41,"86,366",23.3,0.1,3.9,23.4
20210821,22,4:38,"66,934",23.3,0,1.8,23.3
20210821,23,0,"42,553",23.4,0,3.6,23.1
20210822,0,0,"26,319",23.4,0,2.9,23.1
20210822,1,4:15,"17,247",23.3,0,3.2,23
20210822,2,4:57,"12,556",23.2,0,2.4,22.9
20210822,3,0,"10,915",23.1,0,1.8,22.8
20210822,4,0,"14,966",22.9,0,1.7,22.6
20210822,5,0,"34,706",22.6,0,1.1,21.8
20210822,6,0,"60,568",22.5,0,1.3,22.2
20210822,7,4:30,"76,214",23,0,1.5,23.8
20210822,8,0,"96,302",23.6,0,1.8,24.1
20210822,9,0,"131,217",24.2,0,1.6,25
20210822,10,0,"172,146",24.9,0,3.4,26.2
20210822,11,4:12,"205,023",25,0,2.9,25.4
20210822,12,4:13,"212,512",26,0,3.2,30.2
20210822,13,4:15,"220,288",26.6,0,3.5,30.1
20210822,14,0,"227,617",26.6,0,2.5,28.9
20210822,15,4:20,"230,417",26.3,0,2.9,27.6
20210822,16,4:17,"229,162",26,0,4.3,27.2
20210822,17,4:14,"223,728",26.1,0,2.5,26.9
20210822,18,4:01,"199,693",25.5,0,2.2,25.3
20210822,19,4:24,"167,007",25.2,0,2.3,24.2
20210822,20,4:48,"148,363",24.8,0,2,23.6
20210822,21,4:43,"128,103",24.3,0,1.9,23.2
20210822,22,4:22,"94,169",24,0,0.6,22.9
20210822,23,4:11,"56,305",23.5,0,0.7,22.5
20210823,0,5:10,"32,729",23.1,0,0.4,22.2
20210823,1,0,"20,868",22.8,0,0.5,22.1
20210823,2,3:53,"15,652",22.3,0,2.1,21.7
20210823,3,0,"16,142",22,0,0.7,21.6
20210823,4,4:05,"27,521",21.9,0,2.3,21.7
20210823,5,0,"80,951",21.9,0,3.1,21.6
20210823,6,4:00,"165,754",21.9,0,1.6,21.7
20210823,7,0,"247,085",22,0,2,22.2
20210823,8,0,"258,809",22.5,0,2,23.3
20210823,9,0,"201,934",22.9,0,2.3,23.6
20210823,10,4:05,"203,992",23.4,0,2.3,24.8
20210823,11,4:21,"203,145",23.9,0,2.8,25
20210823,12,0,"196,004",24,0,2.2,25.2
20210823,13,4:19,"202,978",23.9,0.3,2.4,25.1
20210823,14,4:15,"203,318",23.7,0.7,2,25
20210823,15,4:27,"201,904",23.6,0.9,1.8,24.9
20210823,16,4:41,"210,499",23.2,1,2.6,23.7
20210823,17,5:00,"218,751",23.2,0.8,2.1,23.7
20210823,18,4:49,"212,142",22.9,0.3,1.9,23.3
20210823,19,0,"154,951",22.1,1.3,3.1,22.4
20210823,20,4:36,"115,514",21.3,1.1,2.1,21.7
20210823,21,4:41,"86,470",21.1,1,2.6,21.6
20210823,22,4:28,"58,123",21,0,2.6,21.4
20210823,23,0,"35,927",21.1,0,2.8,21.4
20210824,0,4:29,"23,913",21.1,0,2.7,21.3
20210824,1,0,"17,544",21.3,0,3.4,21.2
20210824,2,4:31,"14,424",21.4,0,2.5,21.3
20210824,3,4:20,"14,816",21.6,0,2,21.5
20210824,4,0,"21,429",21.4,0.2,1.9,21.5
20210824,5,0,"52,656",21.1,0.3,2.7,21.4
20210824,6,0,"122,810",21.2,0,2.2,21.4
20210824,7,0,"204,571",21.5,0.2,2.7,21.8
20210824,8,0,"228,319",21.8,0.1,2.9,22.4
20210824,9,0,"189,482",22.2,0,3.4,23.3
20210824,10,0,"194,191",22.5,1.3,3,23.8
20210824,11,0,"189,084",23.7,0,3,26.7
20210824,12,5:35,"180,552",24.1,0.7,2.1,26.1
20210824,13,5:13,"188,995",24.2,2.6,1.5,26.5
20210824,14,4:50,"197,827",24.5,2,1.7,26.4
20210824,15,4:37,"200,728",25.9,0,2.8,27.6
20210824,16,0,"203,904",26.4,0.2,3.5,27.6
20210824,17,4:25,"222,731",25.8,1.2,3.6,26.4
20210824,18,4:14,"216,850",24.8,0,5.2,24.7
20210824,19,4:19,"153,102",24.1,1.2,3.7,24.2
20210824,20,0,"116,940",23.4,0.5,3.7,23.6
20210824,21,4:18,"92,899",23.6,0,3.7,23.4
20210824,22,4:10,"65,163",23.8,0,3.6,23.3
20210824,23,4:11,"40,219",23.8,0,1.9,23.3
20210825,0,4:06,"26,551",23.9,0,2.9,23.4
20210825,1,0,"19,107",23.9,0,1.9,23.3
20210825,2,0,"15,918",23.8,0,2.3,23.3
20210825,3,0,"16,632",23.8,0.3,0.4,23.4
20210825,4,0,"26,146",23.7,0,0.9,23.5
20210825,5,0,"70,978",23.7,0,0.5,23.3
20210825,6,0,"146,495",23.6,0,1,23.1
20210825,7,0,"222,934",23.6,0,1.4,23.5
20210825,8,0,"244,259",23.8,0,0.8,24.4
20210825,9,0,"205,315",24.5,0,1.4,25.7
20210825,10,3:57,"208,254",24.9,0,2.6,25.9
20210825,11,4:02,"207,324",25.6,0,2.5,28.2
20210825,12,4:03,"198,870",25.7,0,2.4,27.9
20210825,13,0,"210,616",25.5,0,2.2,27.9
20210825,14,4:14,"212,935",26,0,2,28
20210825,15,4:15,"215,837",27.2,0,2.9,33.9
20210825,16,4:33,"223,066",26.9,0,2.7,29.4
20210825,17,4:18,"242,009",26.8,0,2.9,28.2
20210825,18,4:26,"234,179",26.3,0,2.5,26.1
20210825,19,0,"165,349",25.6,0,2.6,24.8
20210825,20,4:10,"118,752",25.1,0,2.6,24
20210825,21,4:22,"96,101",24.8,0,2,23.9
20210825,22,4:16,"69,013",24.4,0,2.2,23.1
20210825,23,4:15,"43,465",24,0,0.4,22.6
20210826,0,0,"28,000",23.8,0,0.2,23.5
20210826,1,0,"19,724",23.9,0,1.7,23.4
20210826,2,0,"16,764",23.9,0,1.4,23.3
20210826,3,0,"17,138",23.7,0,2.1,22.7
20210826,4,0,"27,017",23.3,0,1.2,22.2
20210826,5,0,"74,475",23.1,0,1.3,22.4
20210826,6,0,"157,637",22.9,0,0.9,22.3
20210826,7,0,"235,355",23.1,0,1.4,23.2
20210826,8,0,"252,796",23.8,0,1.4,25.3
20210826,9,0,"213,920",24.7,0,2,26.6
20210826,10,4:33,"218,863",25.1,0,2.6,27.1
20210826,11,0,"218,873",25.6,0,2.8,26.9
20210826,12,0,"209,692",25.9,0,1.7,27
20210826,13,4:44,"220,768",25.9,0,3.1,26.3
20210826,14,4:59,"225,205",27,0,4.9,29
20210826,15,4:54,"227,204",27.7,0,4,29.1
20210826,16,4:37,"235,047",27.3,0.7,2.9,28.7
20210826,17,4:31,"256,129",27.6,0,3.8,27.9
20210826,18,4:31,"247,331",27.3,0,3.2,26.6
20210826,19,4:59,"184,227",26.8,0,3.4,25.5
20210826,20,4:20,"142,728",26.4,0,2.8,25.1
20210826,21,4:26,"110,274",26.3,0,3,25
20210826,22,4:42,"76,574",26,0,3,24.6
20210826,23,4:24,"47,834",25.8,0,2.2,24.4
20210827,0,0,"31,397",25.5,0,2.4,24.1
20210827,1,0,"21,520",25.2,0,1.5,23.9
20210827,2,4:12,"17,964",25,0,0.9,23.9
20210827,3,0,"18,477",24.8,0,1.2,23.8
20210827,4,4:15,"27,703",24.6,0,0.6,23.7
20210827,5,0,"71,681",24.3,0,1.3,23.6
20210827,6,3:51,"149,048",23.9,0,1.9,22.9
20210827,7,0,"223,629",23.6,0,0.9,23.3
20210827,8,0,"241,298",23.5,0,0.6,23.7
20210827,9,0,"207,034",22.7,0.1,1.2,23.6
20210827,10,2:58,"216,441",22.7,0.1,1.2,23.5
20210827,11,3:24,"217,464",22.8,0,1,24.1
20210827,12,0,"210,521",22.6,0,1.4,24.1
20210827,13,3:34,"219,870",22.9,0,2,24.8
20210827,14,3:38,"227,372",22.9,0.2,1.1,24.7
20210827,15,3:56,"234,580",21.9,0.5,1.2,23.9
20210827,16,0,"251,239",22,0,0.4,23.6
20210827,17,4:11,"271,993",21.8,0,2.1,23.1
20210827,18,4:22,"269,254",21.7,0,1.4,22.7
20210827,19,5:13,"218,310",21.6,0,1,22.2
20210827,20,4:29,"169,915",21.4,0,1.6,21.7
20210827,21,4:33,"139,317",21.2,0,1.4,21.2
20210827,22,4:33,"97,778",20.8,0,0.3,20.4
20210827,23,4:43,"60,154",20.5,0,0.1,20.7
20210828,0,3:56,"37,813",20.4,0,0,20.7
20210828,1,3:49,"25,913",20.3,0,1.3,20.9
20210828,2,3:42,"20,656",20.3,0,1,20.9
20210828,3,3:53,"19,601",20.4,0,1.8,20.9
20210828,4,0,"28,131",20.2,0,1.6,20.8
20210828,5,3:52,"67,294",20.1,0,1.5,20.3
20210828,6,0,"121,507",19.8,0,1.8,19.8
20210828,7,0,"148,465",20,0,1.7,21.3
20210828,8,4:10,"170,612",20.7,0,1.9,22.8
20210828,9,4:50,"197,207",21.4,0,2.1,23.7
20210828,10,4:41,"227,965",22.6,0,0.8,26.7
20210828,11,4:35,"251,833",24.1,0,1.1,30.6
20210828,12,4:41,"255,785",25.8,0,2.4,32.7
20210828,13,4:31,"252,168",26.5,0,2.5,32.1
20210828,14,4:42,"256,663",27.5,0,2.7,34.4
20210828,15,4:56,"260,992",27.9,0,2.7,32.5
20210828,16,4:51,"266,247",27.5,0,3.2,30
20210828,17,0,"269,022",26.5,0,2,27
20210828,18,5:08,"236,457",26,0,2.5,25.6
20210828,19,4:56,"179,060",25,0,2.3,23.8
20210828,20,5:08,"145,097",24.2,0,2,23.1
20210828,21,4:47,"126,293",23.9,0,1.5,23.1
20210828,22,4:41,"92,254",23.9,0,2.6,22.9
20210828,23,4:08,"55,621",23.7,0,1.8,22.8
20210829,0,4:41,"33,515",23.5,0,2.7,22.5
20210829,1,4:53,"21,884",23.4,0,2.3,22.6
20210829,2,4:21,"15,554",23.2,0.6,1.3,22.9
20210829,3,0,"13,297",23.1,0.1,0.3,22.8
20210829,4,0,"17,004",23.1,0,0.2,23
20210829,5,0,"38,127",22.9,0,0.5,23
20210829,6,0,"66,583",22.6,0,0.5,22.9
20210829,7,0,"82,953",22.3,0.2,3,22.4
20210829,8,0,"98,690",22,0,2.2,22.8
20210829,9,3:57,"131,697",22.1,0,1.5,24.1
20210829,10,4:16,"176,624",22.9,0,1.9,26.2
20210829,11,4:16,"210,021",23.7,0,1.3,30.5
20210829,12,4:07,"222,655",24.9,0,1.9,31.1
20210829,13,4:08,"224,493",24.9,0,2,28
20210829,14,4:09,"233,625",25,0,3.1,29.2
20210829,15,4:23,"239,363",25.1,0,2.5,27.6
20210829,16,4:32,"239,930",25.6,0,2,28
20210829,17,4:35,"229,639",26.1,0,2.5,27.6
20210829,18,4:27,"206,602",25.4,0,2.1,24.9
20210829,19,4:27,"172,145",24.6,0,2.4,23.4
20210829,20,4:24,"155,384",24,0,1.1,23
20210829,21,4:16,"137,803",23.7,0,1.1,22.6
20210829,22,0,"102,862",23.4,0,1.5,22.4
20210829,23,4:19,"58,624",22.9,0,0.7,21.9
20210830,0,4:06,"32,827",22.5,0,0.9,21.5
20210830,1,0,"20,668",22.2,0,0.7,21.6
20210830,2,0,"16,047",22.1,0,1.3,21.7
20210830,3,0,"16,698",22,0,0.6,21.4
20210830,4,3:44,"29,338",21.8,0,0.7,21.4
20210830,5,0,"87,390",21.5,0,1.4,21.4
20210830,6,3:25,"176,816",21.3,0,1.5,21.2
20210830,7,0,"259,919",21.4,0,2.1,21.8
20210830,8,0,"269,696",22,0,1.6,23.4
20210830,9,0,"214,830",22.9,0,1.6,25.4
20210830,10,3:48,"214,419",24.2,0,0.7,28.2
20210830,11,4:08,"216,906",25.1,0,1.2,28.6
20210830,12,0,"208,659",25.4,0,1.8,28.4
20210830,13,0,"216,087",26.2,0,2.1,30.6
20210830,14,4:26,"223,969",26.9,0,1.7,31.5
20210830,15,4:25,"224,637",27.4,0,2.2,31.4
20210830,16,4:17,"233,717",27.4,0,2.2,29.3
20210830,17,4:14,"252,829",27.6,0,1.5,28.9
20210830,18,0,"243,674",26.8,0,2.2,26.2
20210830,19,0,"176,950",26.2,0,1.6,24.8
20210830,20,4:12,"132,967",25.4,0,2.1,23.7
20210830,21,4:15,"102,792",24.6,0,0.4,23
20210830,22,4:39,"70,762",24.1,0,1.1,22.5
20210830,23,4:37,"44,106",23.6,0,1.1,22.1
20210831,0,5:47,"29,045",23.1,0,0.4,21.7
20210831,1,0,"20,718",22.4,0,1.3,21.3
20210831,2,0,"17,106",22.2,0,0.6,21.3
20210831,3,5:45,"18,000",21.9,0,1.1,21.5
20210831,4,0,"27,003",21.8,0,1.7,21.5
20210831,5,7:38,"71,783",21.7,0,1.1,21.4
20210831,6,0,"150,337",21.6,0,2.2,21.5
20210831,7,6:28,"227,874",21.6,0,2.2,21.7
20210831,8,0,"250,861",21.9,0,2,22.6
20210831,9,5:29,"211,311",22.3,0.1,1.7,23.4
20210831,10,0,"216,964",22.7,0,1.5,24.4
20210831,11,0,"207,564",22.8,0,2.2,24.1
20210831,12,4:57,"199,105",23,0.3,1.6,24.3
20210831,13,5:10,"205,831",20.6,9.3,2.5,21.6
20210831,14,0,"208,346",20.3,8.9,1.4,21.3
20210831,15,5:07,"209,171",19.9,11.6,2.6,20.9
20210831,16,4:57,"214,893",19.2,10,3.1,20.3
20210831,17,4:51,"232,083",18.5,6.8,3.5,19.4
20210831,18,4:48,"225,575",18.2,7.1,3.6,19
20210831,19,4:43,"169,435",18.1,3.8,3.9,18.9
20210831,20,4:55,"132,588",18.1,1.6,4.3,18.8
20210831,21,4:30,"100,321",18.1,3.6,3.8,18.8
20210831,22,0,"70,725",18.3,2.1,3.3,19
20210831,23,0,"43,052",18.5,7.8,2.6,19.1
20210901,0,4:27,"27,232",18.7,4.4,1.7,19.3
20210901,1,4:28,"19,589",18.6,0.8,3.7,19.2
20210901,2,4:28,"16,718",18.5,0,2.9,19.2
20210901,3,4:26,"17,589",18.7,0,2.8,19.3
20210901,4,4:24,"24,445",18.8,0,3.3,19.4
20210901,5,0,"60,717",18.9,0,4,19.3
20210901,6,0,"131,211",19.1,0,2.8,19.4
20210901,7,4:29,"213,937",19.3,0,3.3,19.8
20210901,8,5:41,"247,094",19.6,0,3.3,20.4
20210901,9,8:36,"200,783",20.1,0,3.5,21.5
20210901,10,0,"203,705",20.5,0,2.3,22.8
20210901,11,7:05,"201,388",21.1,0,3.1,23.2
20210901,12,6:33,"192,126",21.7,0,3,23.4
20210901,13,5:24,"200,597",22.2,0,2.8,24.5
20210901,14,5:29,"206,083",23.2,0,3.5,26.3
20210901,15,5:19,"208,824",23.4,0,4.2,27
20210901,16,4:33,"215,926",23.7,0,4,25.9
20210901,17,5:12,"238,863",23.5,0,2.9,24.3
20210901,18,4:48,"231,449",23.4,0,2.3,23.4
20210901,19,5:00,"160,035",23.2,0,2,22.6
20210901,20,4:50,"116,455",23,0,2.1,22.1
20210901,21,4:42,"93,675",22.9,0,2.4,21.8
20210901,22,4:39,"67,428",22.7,0,2.7,21.2
20210901,23,4:36,"42,165",22.3,0,2.4,21.2
20210902,0,3:28,"28,005",21.6,0,2.5,20.5
20210902,1,0,"20,242",21.5,0,2.4,20.6
20210902,2,0,"16,957",21.2,0,2.2,20.5
20210902,3,3:27,"18,243",21,0,2,20.2
20210902,4,0,"27,067",20.8,0,1.7,20.3
20210902,5,3:30,"72,388",20.9,0,2.1,20.3
20210902,6,0,"153,718",20.7,0,2.2,20.1
20210902,7,0,"232,294",20.8,0,2.5,20.6
20210902,8,0,"252,680",21.4,0,3.1,22.5
20210902,9,0,"211,526",22.7,0,2.6,25.1
20210902,10,4:08,"214,882",23.5,0,2.8,26.6
20210902,11,4:05,"210,583",23.5,0,2.3,25.6
20210902,12,0,"202,977",25.3,0,2.5,32.7
20210902,13,4:07,"210,865",25.8,0,2,30.7
20210902,14,4:07,"218,336",26.7,0,2.2,34.7
20210902,15,0,"218,571",26.2,0,2.3,29.9
20210902,16,4:24,"228,833",25.7,0,2.5,27.2
20210902,17,4:34,"248,110",25.8,0,1.5,27.2
20210902,18,4:46,"241,296",25.4,0,2.1,25.4
20210902,19,4:19,"177,303",24.9,0,1.1,23.8
20210902,20,0,"130,591",24.1,0,2.2,22.5
20210902,21,4:26,"102,751",23.8,0,1.6,22.2
20210902,22,4:24,"73,515",23.4,0,1.8,21.9
20210902,23,4:19,"46,111",23,0,2.1,21.6
20210903,0,3:41,"30,543",22.7,0,2,21.3
20210903,1,0,"21,572",22.5,0,2.1,21.4
20210903,2,4:51,"18,358",22.3,0,2.3,21.1
20210903,3,4:54,"19,671",21.6,0,1.6,20.4
20210903,4,0,"29,319",21.1,0,2.5,20
20210903,5,0,"76,084",20.6,0,2.2,19.7
20210903,6,0,"157,737",20.7,0,2,19.9
20210903,7,0,"233,838",21,0,2.2,20.8
20210903,8,0,"252,043",22.5,0,3,23.3
20210903,9,4:50,"212,516",23.7,0,2.4,27.3
20210903,10,4:38,"218,081",25.1,0,2.8,32.2
20210903,11,0,"219,685",26.2,0,2.1,35.7
20210903,12,0,"214,057",26.7,0,2.9,35.3
20210903,13,4:23,"227,387",27.8,0,2.1,38.7
20210903,14,0,"238,577",28.6,0,2.2,39
20210903,15,4:43,"246,445",28.8,0,2.2,37.8
20210903,16,4:48,"258,132",29,0,2.3,35.5
20210903,17,0,"282,536",28.7,0,2.5,29.8
20210903,18,4:37,"280,290",28,0,2.3,26
20210903,19,4:27,"233,626",26.3,0,2.8,23.7
20210903,20,0,"186,360",25,0,2.2,22.3
20210903,21,5:14,"154,841",24,0,3.4,21.2
20210903,22,5:03,"115,513",23.1,0,2.4,20.5
20210903,23,5:06,"69,454",22.2,0,2.4,19.9
20210904,0,4:26,"43,730",21.2,0,2.3,19.4
20210904,1,4:25,"29,328",20.4,0,2.4,18.9
20210904,2,4:09,"23,004",19.8,0,2.9,18.4
20210904,3,4:07,"22,535",19.4,0,2.3,18.1
20210904,4,0,"31,710",18.9,0,2.2,17.8
20210904,5,0,"75,090",18.7,0,2.9,17.5
20210904,6,0,"138,853",18.6,0,2.6,17.3
20210904,7,4:06,"176,484",18.9,0,2.3,18.3
20210904,8,5:26,"197,606",20.6,0,2.6,21.1
20210904,9,0,"217,145",22.4,0,2.8,26.4
20210904,10,5:20,"240,969",23.9,0,3.1,30.7
20210904,11,5:18,"261,104",24.9,0,2.8,33.9
20210904,12,5:23,"265,662",26,0,1.4,36.5
20210904,13,0,"262,840",27.1,0,2.6,38.2
20210904,14,5:02,"267,228",27.7,0,2.1,35.5
20210904,15,5:25,"272,699",28.5,0,3.3,37.4
20210904,16,5:38,"279,689",27.4,0,2.1,29.8
20210904,17,5:51,"283,442",27,0,2.3,27.8
20210904,18,5:44,"249,121",26.3,0,2.8,25.5
20210904,19,0,"188,837",25.2,0,3,23
20210904,20,5:17,"154,633",24.3,0,3.6,21.6
20210904,21,0,"137,664",23.3,0,2.2,20.8
20210904,22,5:02,"103,593",22.5,0,2.4,20
20210904,23,4:45,"61,531",21.9,0,3,19.4
20210905,0,3:42,"36,015",21.1,0,3.1,18.9
20210905,1,0,"22,824",20.6,0,3.2,18.4
20210905,2,3:40,"16,155",20.1,0,3.5,18.1
20210905,3,0,"14,422",19.8,0,2.6,18
20210905,4,0,"19,104",19.7,0,3.4,18
20210905,5,0,"46,327",19.4,0,1.6,17.9
20210905,6,4:28,"94,920",19.5,0,3.2,18.1
20210905,7,0,"125,198",19.7,0,2.9,18.9
20210905,8,0,"136,324",20.8,0,2.6,20.7
20210905,9,0,"159,917",22.4,0,2.9,24.6
20210905,10,3:52,"201,243",22.9,0,2.4,24.5
20210905,11,4:01,"228,921",24.7,0,3.7,31.9
20210905,12,4:08,"238,462",25.7,0,3.5,35.2
20210905,13,4:23,"243,915",26.8,0,2.6,36.3
20210905,14,4:33,"253,337",26.9,0,3.4,33.7
20210905,15,4:33,"257,271",26.9,0,4.5,31.6
20210905,16,4:30,"256,742",26.3,0,3.7,27.9
20210905,17,4:42,"247,603",26,0,4.5,26.5
20210905,18,4:44,"222,092",25.4,0,3.8,24.7
20210905,19,4:39,"185,088",24.4,0,4.7,22.7
20210905,20,4:36,"164,156",23.7,0,2.9,21.8
20210905,21,4:25,"142,546",23.1,0,2.5,20.8
20210905,22,4:29,"110,125",22.6,0,3.4,20.3
20210905,23,4:38,"74,075",22.5,0,3.3,20.4
20210906,0,4:44,"36,015",22,0,3.3,19.7
20210906,1,4:50,"22,824",21.6,0,3.2,19.3
20210906,2,0,"16,155",21.1,0,2.5,19.1
20210906,3,4:37,"14,422",21,0,2.5,19
20210906,4,0,"19,104",20.8,0,3.2,18.7
20210906,5,0,"46,327",20.7,0,3.1,18.6
20210906,6,0,"94,920",20.8,0,2.9,18.9
20210906,7,0,"125,198",20.9,0,3.3,19.5
20210906,8,0,"136,324",21.5,0,2.6,21.7
20210906,9,0,"159,917",23.2,0,3.8,27.2
20210906,10,4:37,"201,243",23.6,0,4.7,27
20210906,11,4:35,"228,921",24.6,0,4.3,28.4
20210906,12,5:22,"238,462",26,0,5,32.3
20210906,13,5:06,"243,915",26.3,0,4.6,32
20210906,14,5:10,"253,337",26.3,0,4.3,28.7
20210906,15,5:12,"257,271",25.9,0,3.8,26.6
20210906,16,4:35,"256,742",25.2,0,3,24.8
20210906,17,0,"247,603",24.6,0,3.6,24
20210906,18,4:45,"222,092",23.8,0,3.4,22.1
20210906,19,4:35,"185,088",23,0,3,20.9
20210906,20,4:30,"164,156",21.1,1.5,1.7,20.4
20210906,21,4:24,"142,546",19.7,3.1,3.7,20
20210906,22,4:25,"110,125",19.1,2.4,2,19.6
20210906,23,4:31,"74,075",18.5,2.9,3.5,19.2
20210907,0,,"26,666",18,2.1,3.5,18.9
20210907,1,,"18,640",17.7,1.2,3.9,18.7
20210907,2,,"15,869",17.7,0.4,3.8,18.7
20210907,3,,"16,660",17.6,1,3.3,18.7
20210907,4,,"24,066",17.6,1.5,3.2,18.6
20210907,5,,"60,809",17.7,2.6,2.7,18.6
20210907,6,,"138,276",17.9,1.8,2.8,18.8
20210907,7,,"222,878",18.2,0.7,2.7,19
20210907,8,,"244,229",18.5,1,2.4,19.4
20210907,9,,"207,233",19,1.5,2.3,19.8
20210907,10,,"208,124",19.2,5.9,1.9,20
20210907,11,,"204,324",19.6,0.9,1.8,20.6
20210907,12,,"194,986",19.9,2,1.6,21.2
20210907,13,,"205,178",20.5,3.5,0.9,21.8
20210907,14,,"211,922",20.7,0.1,2.3,22.3
20210907,15,,"212,535",20.8,0.3,2.2,22.3
20210907,16,,"219,828",20.8,0.2,2.2,22.1
20210907,17,,"233,866",20.9,0,2.2,22.1
20210907,18,,"222,895",20.9,0,2.6,21.7
20210907,19,,"161,364",20.8,1.3,2.3,21.2
20210907,20,,"117,639",20.7,1,2.6,21
20210907,21,,"91,096",20.4,1.4,1.9,20.9
20210907,22,,"68,347",20.3,0.7,0.7,20.8
20210907,23,,"42,588",20.2,0.3,0.4,20.7
20210908,0,4:05,"27,400",20,0.3,1.1,20.6
20210908,1,4:03,"19,533",20,0.2,1.6,20.7
20210908,2,0,"16,154",19.7,0.4,1.1,20.5
20210908,3,0,"17,550",19.5,0.5,1.5,20.4
20210908,4,0,"27,027",19.3,0.2,1.9,20.2
20210908,5,0,"75,168",19.2,0.3,0.3,20.2
20210908,6,0,"157,709",19,0,2,20
20210908,7,0,"237,137",19.1,0,1.1,20.3
20210908,8,0,"258,507",19.5,0,0.5,21.8
20210908,9,4:12,"216,245",20.5,0,0.6,24.2
20210908,10,4:14,"220,105",22.5,0,0.4,30.9
20210908,11,4:21,"216,733",23.3,0,1.3,31.1
20210908,12,4:24,"206,804",24.3,0,2.3,31.3
20210908,13,4:16,"215,662",25.5,0,2.3,34
20210908,14,4:10,"219,742",26.1,0,2.8,32.8
20210908,15,4:25,"222,689",26,0,2.4,29.6
20210908,16,4:26,"232,817",26.7,0,3.3,31.9
20210908,17,4:18,"255,540",26.6,0,3,27.1
20210908,18,4:15,"245,856",25.5,0,3,24
20210908,19,4:16,"183,973",23.8,0,2.8,22.3
20210908,20,4:18,"138,555",22.7,0,1,21.4
20210908,21,4:10,"106,001",22.1,0,0.7,20.7
20210908,22,4:36,"79,803",21.6,0,1.4,20.2
20210908,23,4:07,"49,929",21,0,1.4,19.7
20210909,0,4:18,"31,984",20.6,0,0.3,19.3
20210909,1,0,"22,456",20.2,0,1,19.1
20210909,2,0,"18,600",20,0,0.6,18.9
20210909,3,3:57,"19,321",19.7,0,0.2,18.7
20210909,4,0,"29,327",19.3,0,1.4,18.7
20210909,5,3:44,"78,774",19.2,0,1.7,19.3
20210909,6,0,"165,413",19.4,0,1.7,19.9
20210909,7,0,"244,401",19.6,0,1.7,20.2
20210909,8,0,"262,730",20.4,0,2.1,21.7
20210909,9,0,"220,643",22,0,1.5,26.9
20210909,10,3:45,"225,403",23.5,0,1.7,29.5
20210909,11,3:59,"221,345",24.6,0,1.9,31.5
20210909,12,0,"211,580",25.2,0,0.9,30.4
20210909,13,4:24,"221,522",26.5,0,1.1,35.9
20210909,14,4:47,"225,035",28,0,2.4,37.2
20210909,15,4:55,"228,331",28.4,0,2.4,33.8
20210909,16,4:52,"241,373",29,0,1.3,33.8
20210909,17,4:38,"264,352",28.7,0,1.6,28.8
20210909,18,4:22,"251,958",27.2,0,2,25.9
20210909,19,0,"189,578",25.8,0,2.4,24.3
20210909,20,4:11,"147,495",24.8,0,2.4,23.2
20210909,21,4:29,"113,780",24.1,0,1.3,22.6
20210909,22,4:30,"82,470",23.3,0,1.3,21.7
20210909,23,4:12,"52,794",22.6,0,1.6,21.4
20210910,0,4:38,"33,013",22.2,0,1.7,20.9
20210910,1,0,"22,990",21.8,0,0.8,20.7
20210910,2,5:47,"19,952",21.4,0,0.4,20.4
20210910,3,0,"20,110",20.9,0,1.4,20
20210910,4,0,"30,386",20.3,0,1.3,19.5
20210910,5,0,"78,907",20,0,1.4,19.3
20210910,6,0,"162,584",19.6,0,1.6,19.1
20210910,7,0,"237,896",19.5,0,1.7,19.8
20210910,8,5:01,"255,777",20.6,0,1.8,22.4
20210910,9,4:40,"219,496",22,0,1.6,25.6
20210910,10,4:31,"225,252",23.4,0,1.4,27.4
20210910,11,0,"227,063",24.3,0,1.1,27.7
20210910,12,4:20,"220,228",25.8,0,1.5,33.9
20210910,13,4:27,"230,830",27.5,0,2.5,36.4
20210910,14,5:28,"240,475",28.2,0,2.8,35.8
20210910,15,4:36,"248,941",28.8,0,3.6,35
20210910,16,4:46,"265,138",28.6,0,2.6,31.1
20210910,17,4:44,"286,595",27.6,0,3,26.9
20210910,18,4:39,"281,886",26.5,0,3.4,24.7
20210910,19,4:37,"230,797",25,0,2.8,22.9
20210910,20,5:09,"183,944",24,0,2.4,22.2
20210910,21,4:38,"151,776",23.2,0,2.2,21.7
20210910,22,4:38,"113,844",22.8,0,1.2,21.5
20210910,23,0,"71,157",22.4,0,1.1,21
20210911,0,4:39,"44,387",22,0,1,20.5
20210911,1,0,"29,731",21.5,0,0,20
20210911,2,0,"24,413",21.1,0,0.9,20.1
20210911,3,4:08,"23,613",20.9,0,0.9,20
20210911,4,0,"32,412",20.7,0,1,20.5
20210911,5,4:53,"75,508",20.4,0,1.2,20.2
20210911,6,0,"139,041",20.1,0,1.2,19.6
20210911,7,0,"179,236",20,0,1.7,20.6
20210911,8,0,"206,718",21.2,0,0.7,22.8
20210911,9,4:25,"228,375",22.5,0,1.4,25.3
20210911,10,4:29,"249,486",23.4,0,1,27.1
20210911,11,4:31,"267,753",25.4,0,1.8,33.9
20210911,12,0,"268,298",25.9,0,1.7,30.3
20210911,13,4:35,"267,905",27.7,0,3.2,36.8
20210911,14,0,"273,537",28.8,0,2.6,36.8
20210911,15,4:42,"277,351",29.3,0,2.1,35.9
20210911,16,5:34,"278,760",29,0,3.4,33.6
20210911,17,0,"279,972",28,0,3.3,28.1
20210911,18,0,"247,460",27.1,0,2.7,25.5
20210911,19,5:40,"192,877",25.2,0,4.7,23.2
20210911,20,5:19,"156,929",24.5,0,2.5,22.4
20210911,21,4:51,"136,384",23.9,0,1.8,21.8
20210911,22,4:37,"107,692",23.1,0,1.7,20.9
20210911,23,4:37,"65,652",22.5,0,1.3,20.5
20210912,0,0,"37,773",22,0,0.3,20.1
20210912,1,0,"23,627",21.6,0,1.7,19.9
20210912,2,5:08,"17,320",21.3,0,1.6,19.7
20210912,3,0,"15,486",20.7,0,0.9,19.5
20210912,4,0,"19,445",20.2,0,1.1,19.2
20210912,5,0,"45,834",19.7,0,2.1,19
20210912,6,0,"89,495",19.4,0,0.9,18.8
20210912,7,4:36,"122,002",19.4,0,1.4,19.5
20210912,8,0,"141,077",20.5,0,1.1,22.1
20210912,9,0,"169,341",22.1,0,0.4,24.4
20210912,10,0,"209,208",24,0,1.8,29.5
20210912,11,0,"232,999",25.9,0,2.6,34.4
20210912,12,4:20,"240,004",27.2,0,2.2,38
20210912,13,0,"244,765",28.5,0,1.3,40.3
20210912,14,4:25,"253,819",29,0,3.5,40.2
20210912,15,4:31,"258,945",29.5,0,2.3,39.7
20210912,16,4:47,"257,677",29.8,0,2.9,36.4
20210912,17,4:49,"247,602",29.5,0,2,29.7
20210912,18,4:29,"219,698",28.2,0,3,26.1
20210912,19,4:17,"185,935",26.7,0,3.7,23.7
20210912,20,4:23,"164,215",25.3,0,2,22.6
20210912,21,4:23,"142,480",24.6,0,1.9,21.8
20210912,22,0,"112,746",23.8,0,0.5,20.9
20210912,23,0,"67,032",23,0,0.9,20.6
20210913,0,4:49,"36,200",22.2,0,1.7,20.1
20210913,1,4:55,"22,677",21.2,0,2.4,19.6
20210913,2,4:34,"18,239",21,0,2.1,19.6
20210913,3,0,"19,635",21,0,1.8,19.5
20210913,4,0,"31,940",21.1,0,2.3,19.4
20210913,5,0,"90,941",21.1,0,1.7,19.4
20210913,6,0,"183,697",20.9,0,2.4,19.3
20210913,7,3:52,"265,085",21,0,2.4,20
20210913,8,0,"281,428",22.3,0,3.4,22.5
20210913,9,4:04,"224,962",23.1,0,2,23.5
20210913,10,0,"221,848",23.4,0,3.2,24.4
20210913,11,4:18,"223,793",24.6,0,3,28.2
20210913,12,0,"217,308",26.6,0,3.2,36.4
20210913,13,0,"224,315",28.2,0,1.9,40.5
20210913,14,0,"227,780",29.4,0,2.5,41.4
20210913,15,4:25,"233,219",30.2,0,2.6,41.7
20210913,16,4:30,"241,832",29.1,0,3.1,32.2
20210913,17,4:45,"260,047",29.1,0,2.1,30
20210913,18,0,"247,649",28.2,0,2.8,27.1
20210913,19,4:52,"185,886",27.1,0,2.9,25.1
20210913,20,4:30,"140,639",26,0,2,23.7
20210913,21,0,"107,369",25.2,0,2.2,22.9
20210913,22,5:05,"77,652",24.6,0,2.2,22.3
20210913,23,0,"48,656",24.1,0,2.4,21.8
20210914,0,0,"31,070",23.5,0,1.9,21.6
20210914,1,4:21,"22,393",23,0,2.2,21
20210914,2,0,"18,857",22.4,0,2.1,20.5
20210914,3,0,"20,066",21.7,0,1.6,19.9
20210914,4,0,"29,455",21.2,0,1.6,19.6
20210914,5,0,"77,289",20.8,0,1.7,19.2
20210914,6,0,"159,893",20.2,0,2.1,18.8
20210914,7,0,"240,439",20,0,2.6,19.1
20210914,8,0,"261,627",20.9,0,2.1,20.7
20210914,9,0,"222,812",22.7,0,2.2,27
20210914,10,0,"226,017",24.7,0,2.2,32
20210914,11,0,"226,228",25.8,0,2.9,34.4
20210914,12,0,"215,032",27.1,0,3.1,40.8
20210914,13,4:44,"223,602",28.1,0,2.6,43.2
20210914,14,4:43,"229,171",28.8,0,3.5,43.7
20210914,15,4:43,"231,754",29.3,0,2.7,41.7
20210914,16,5:07,"239,550",29.3,0,2.1,38
20210914,17,0,"255,858",29.4,0,1.9,30.3
20210914,18,0,"244,048",28.4,0,1.6,26.6
20210914,19,0,"185,543",26.9,0,2,24.4
20210914,20,6:30,"146,951",25.6,0,2.7,23.2
20210914,21,0,"114,910",24.9,0,2.8,22.4
20210914,22,5:38,"82,964",24,0,4.8,21.6
20210914,23,4:38,"50,326",23.1,0,4.3,21
20210915,0,4:12,"32,129",22.2,0,4.6,20.4
20210915,1,0,"22,368",21.5,0,3.2,19.9
20210915,2,0,"18,728",21.1,0,2.9,19.5
20210915,3,0,"19,761",20.9,0,3.1,19.2
20210915,4,0,"29,384",20.5,0,2.3,18.8
20210915,5,4:23,"78,727",20.2,0,2.7,18.5
20210915,6,0,"161,435",19.7,0,1.8,18.1
20210915,7,0,"240,451",19.7,0,2.3,18.4
20210915,8,0,"263,069",21.9,0,2.5,20.7
20210915,9,0,"223,101",23.8,0,3.3,28.4
20210915,10,5:46,"227,406",25.2,0,4.9,34.4
20210915,11,6:19,"227,878",26.4,0,3.3,40
20210915,12,0,"218,491",27.4,0,3.5,43.3
20210915,13,6:19,"226,956",28,0,3.5,45.5
20210915,14,5:54,"235,903",28.8,0,4,45.8
20210915,15,5:31,"238,450",28.1,0,5.5,39.4
20210915,16,5:19,"246,358",28,0,3.4,37.2
20210915,17,0,"261,861",27.3,0,3.5,29.7
20210915,18,5:14,"250,640",25.9,0,4.4,25.4
20210915,19,5:05,"194,520",24.1,0,4.4,23
20210915,20,0,"152,788",22.9,0,3.7,21.8
20210915,21,4:42,"120,785",22.2,0,4.4,20.9
20210915,22,4:39,"88,018",21.7,0,3.8,20.3
20210915,23,0,"55,245",21.1,0,2.8,19.8
20210916,0,5:30,"34,243",20.8,0,3.9,19.5
20210916,1,4:38,"24,023",20.2,0,3,19.1
20210916,2,0,"19,829",19.7,0,2.6,18.5
20210916,3,0,"21,198",19.4,0,1.9,18.2
20210916,4,0,"30,109",19,0,1.8,17.8
20210916,5,0,"77,817",18.5,0,2.4,17.5
20210916,6,4:26,"161,695",18.1,0,2.8,17.2
20210916,7,0,"240,907",18.5,0,3.3,17.6
20210916,8,0,"263,305",20.3,0,2.9,19.8
20210916,9,0,"223,294",22.1,0,4.3,28.3
20210916,10,0,"229,027",23.9,0,3.4,35.1
20210916,11,4:08,"226,298",25,0,3.5,41.2
20210916,12,0,"217,444",26,0,3.2,45.2
20210916,13,4:19,"229,315",26.7,0,2.5,44.8
20210916,14,4:28,"235,785",27,0,2.9,42.6
20210916,15,4:36,"240,775",27.1,0,3.8,38.2
20210916,16,0,"248,444",26.7,0,2.3,32.8
20210916,17,4:37,"264,421",26.2,0,2.1,28.9
20210916,18,4:35,"250,867",25.4,0,1.7,25.8
20210916,19,4:29,"197,353",24.4,0,2.1,23.3
20210916,20,0,"158,636",23.7,0,1.5,22
20210916,21,4:29,"126,331",23,0,1.5,21.6
20210916,22,4:29,"92,642",22.6,0,2.4,21.3
20210916,23,4:14,"57,611",22.3,0,2.4,20.8
20210917,0,4:38,"36,179",21.7,0,2.5,20.4
20210917,1,4:20,"24,442",21.5,0,2.9,20.3
20210917,2,3:59,"19,931",21,0,2.4,20.1
20210917,3,0,"20,503",21,0,2.7,20.5
20210917,4,0,"28,444",21,0,2.3,20.7
20210917,5,4:08,"68,096",20.8,0,2.2,20.7
20210917,6,4:28,"137,336",20.7,0,2,20.7
20210917,7,4:43,"217,337",20.6,0,2.7,21.1
20210917,8,0,"247,467",21,0,2.3,22.7
20210917,9,4:35,"207,828",21.7,0,2.2,25.2
20210917,10,0,"213,408",22.9,0,2.3,28.6
20210917,11,4:40,"217,991",23.6,0,3.2,30.3
20210917,12,4:39,"215,311",26.1,0,3.6,43.9
20210917,13,4:35,"222,987",26.9,0,5.2,46
20210917,14,4:40,"239,246",27.6,0,5.1,46.3
20210917,15,4:46,"250,085",27.9,0,4,43
20210917,16,4:43,"260,574",27.8,0,4.9,38.7
20210917,17,4:41,"271,324",27.6,0,2.7,30.1
20210917,18,4:44,"259,074",26.3,0,2.3,25.6
20210917,19,4:55,"209,483",24.9,0,3.9,23.4
20210917,20,5:13,"167,631",23.9,0,2.7,22.1
20210917,21,5:27,"140,349",23.2,0,3.8,21.5
20210917,22,5:39,"116,559",22.6,0,2.6,20.7
20210917,23,5:23,"81,574",22,0,2,20.2
20210918,0,4:37,"54,540",21.3,0,1.9,19.6
20210918,1,4:43,"39,085",20.5,0,1.1,18.9
20210918,2,4:34,"30,660",19.9,0,0.9,18.4
20210918,3,4:27,"28,176",19.4,0,0.6,18.1
20210918,4,4:18,"34,912",19.2,0,2,18.1
20210918,5,4:13,"66,292",19.1,0,0.9,18.7
20210918,6,4:10,"112,673",19,0,1,18.3
20210918,7,4:25,"149,206",19,0,0.9,18.4
20210918,8,4:27,"175,321",21,0,1.9,19.8
20210918,9,4:32,"203,914",22.8,0,2,30.8
20210918,10,4:40,"233,967",24.9,0,1.9,37.8
20210918,11,4:53,"253,754",26.1,0,2,43.8
20210918,12,5:02,"257,211",26.7,0,2.1,44.8
20210918,13,5:20,"256,942",28,0,1.6,41.3
20210918,14,5:57,"259,091",28.1,0,1.6,39.6
20210918,15,6:21,"264,437",29.3,0,1.8,46.6
20210918,16,5:55,"258,073",29.2,0,2.3,36.6
20210918,17,6:14,"252,366",27.6,0,1.4,28.3
20210918,18,6:04,"214,781",27.1,0,3.2,27.3
20210918,19,6:02,"168,728",25.7,0,2,24
20210918,20,5:56,"137,364",24.9,0,2.4,22.9
20210918,21,5:56,"119,427",24.1,0,0.8,21.9
20210918,22,5:41,"95,201",23.5,0,0.7,21
20210918,23,5:27,"63,536",23,0,1.5,21.2
20210919,0,4:20,"42,466",22.5,0,0.3,20.7
20210919,1,4:20,"28,753",22,0,1.4,20.4
20210919,2,4:21,"21,772",21.6,0,1.9,20.2
20210919,3,4:23,"19,686",21.5,0,1.8,20.7
20210919,4,4:19,"23,808",21.5,0,2.4,20.8
20210919,5,5:22,"42,004",21.4,0,2,20.8
20210919,6,4:58,"72,775",21.3,0,1.9,20.7
20210919,7,4:41,"101,323",21.2,0,1.6,21.3
20210919,8,4:02,"131,312",22,0,2,23.4
20210919,9,4:07,"173,429",23.2,0,1.7,26.7
20210919,10,4:20,"221,641",24.8,0,1.9,36
20210919,11,4:36,"251,469",26.2,0,1.8,37.9
20210919,12,4:55,"260,683",26.9,0,2.1,38.4
20210919,13,5:16,"259,267",26.6,0,2.1,33.8
20210919,14,5:35,"262,322",26.8,0,2.1,36.3
20210919,15,5:45,"265,768",27.5,0,2,39
20210919,16,5:49,"263,711",27.3,0,2.3,34.5
20210919,17,6:05,"250,630",26.7,0,2.6,30.1
20210919,18,6:21,"215,681",25.7,0,2.4,26.1
20210919,19,6:20,"172,897",24.7,0,1.9,23.8
20210919,20,6:08,"146,162",23.5,0,2,21.8
20210919,21,5:45,"125,750",22.7,0,1.6,20.9
20210919,22,6:21,"97,095",22.2,0,1.8,20.4
20210919,23,5:12,"65,017",21.4,0,1.8,19.7
20210920,0,3:48,"42,558",20.8,0,1.8,19.1
20210920,1,4:06,"28,051",20.3,0,1.8,18.7
20210920,2,4:12,"20,679",20.1,0,2,18.4
20210920,3,4:12,"17,878",19.9,0,2.6,18.3
20210920,4,4:24,"20,627",19.5,0,2.1,18.1
20210920,5,4:24,"36,175",19.2,0,1.7,17.9
20210920,6,4:30,"61,906",19.1,0,2,17.8
20210920,7,4:36,"94,635",19.2,0,1.1,18.2
20210920,8,4:36,"134,741",20.9,0,2,19.6
20210920,9,5:06,"187,620",23.1,0,2.2,30
20210920,10,5:18,"241,075",24.4,0,2.7,36.9
20210920,11,5:18,"276,009",24.8,0,2.3,35.7
20210920,12,5:18,"274,357",26,0,1.9,42
20210920,13,5:06,"260,242",26.8,0,3.3,46.6
20210920,14,5:00,"258,082",27.5,0,4.1,46.7
20210920,15,4:48,"254,080",28,0,4.3,44.6
20210920,16,4:54,"243,416",27.5,0,3.5,34.9
20210920,17,4:42,"225,137",27.2,0,6.1,30
20210920,18,4:30,"188,993",25.8,0,3.7,25.6
20210920,19,4:18,"153,948",25.1,0,2.7,23.6
20210920,20,4:06,"132,765",24.9,0,2.7,23.6
20210920,21,4:24,"114,842",24.5,0,3,23.1
20210920,22,4:34,"87,705",24.2,0,2.9,22.3
20210920,23,4:06,"57,025",23.8,0,3.6,22.2
